Index,station_id,station_name,iso_country_code,latitude,longitude,elevation
AU000005010,AU000005010,KREMSMUENSTER,AT,48.05,14.1331,383.0
AU000005901,AU000005901,WIEN,AT,48.2331,16.35,199.0
AU000006306,AU000006306,SALZBURG,AT,47.8,13.0,437.0
AU000011801,AU000011801,INNSBRUCK,AT,47.2667,11.4,577.0
AU000015410,AU000015410,SONNBLICK,AT,47.05,12.95,106.0
AU000016402,AU000016402,GRAZ,AT,47.0831,15.45,366.0
AUM00011028,AUM00011028,ST. POELTEN,AT,48.183,15.617,284.0
AUM00011155,AUM00011155,FEUERKOGEL,AT,47.817,13.717,620.1
AUM00011212,AUM00011212,VILLACHERALPE,AT,46.6,13.667,160.0
AUM00011231,AUM00011231,KLAGENFURT(CIV/MIL),AT,46.65,14.333,452.0
AUM00011343,AUM00011343,SONNBLICK - AUTOM.,AT,47.05,12.95,113.8
AUM00011389,AUM00011389,ST POELTEN LANDHAUS,AT,48.183,15.617,273.0
GM000002277,GM000002277,TRIER,DE,49.7517,6.6467,144.0
GM000002288,GM000002288,KAISERSLAUTERN,DE,49.4253,7.7367,285.0
GM000002698,GM000002698,KARLSRUHE,DE,49.0392,8.365,112.0
GM000002716,GM000002716,STUTTGART-STADT,DE,48.7703,9.1825,286.0
GM000004063,GM000004063,BAMBERG,DE,49.8753,10.9217,240.0
GM000004155,GM000004155,ZUGSPITZE,DE,47.4219,10.9867,964.0
GM000004199,GM000004199,MUNCHEN-NYMPHENBURG,DE,48.1667,11.5025,515.0
GM000010962,GM000010962,HOHENPEISSENBERG,DE,47.8017,11.0117,977.0
GME00102356,GME00102356,WURZBURG,DE,49.7714,9.9589,268.0
GME00102372,GME00102372,SAARBRUCKEN/ENSHEIM,DE,49.2142,7.1081,320.0
GME00102380,GME00102380,NURNBERG,DE,49.5042,11.0567,314.0
GME00102388,GME00102388,STRAUBING,DE,48.8283,12.5603,351.0
GME00102396,GME00102396,AUGSBURG,DE,48.4264,10.9431,461.0
GME00102404,GME00102404,KONSTANZ,DE,47.6781,9.1908,443.0
GME00102412,GME00102412,KEMPTEN,DE,47.7242,10.3364,705.0
GME00111474,GME00111474,TRIER-PETRISBERG,DE,49.7492,6.6592,265.0
GME00111503,GME00111503,RHEINSTETTEN,DE,48.9733,8.3308,116.0
GME00111512,GME00111512,STUTTGART/ECHTERDINGEN,DE,48.6892,9.2253,371.0
GME00115771,GME00115771,STUTTGART-SCHNARRENBERG,DE,48.8292,9.2008,314.0
GME00120934,GME00120934,FELDBERG/SCHWARZWALD,DE,47.8756,8.0044,490.0
GME00120946,GME00120946,FREUDENSTADT,DE,48.4544,8.41,797.0
GME00121006,GME00121006,GROSSER ARBER,DE,49.1139,13.1353,436.0
GME00121054,GME00121054,LAHR,DE,48.3656,7.8289,155.0
GME00121114,GME00121114,OBERSTDORF,DE,47.3989,10.2767,806.0
GME00121126,GME00121126,OHRINGEN,DE,49.2081,9.5183,276.0
GME00121138,GME00121138,REGENSBURG,DE,49.0433,12.1031,365.0
GME00121162,GME00121162,STOTTEN,DE,48.6667,9.8656,734.0
GME00121186,GME00121186,WEIDEN,DE,49.6669,12.1856,440.0
GME00121198,GME00121198,WENDELSTEIN,DE,47.7042,12.0131,832.0
GME00121210,GME00121210,FURSTENZELL,DE,48.5458,13.3544,476.0
GME00121222,GME00121222,HAHN,DE,49.9475,7.2644,497.0
GME00121246,GME00121246,OFFENBACH-WETTERPARK,DE,50.0892,8.7864,119.0
GME00121330,GME00121330,DONAUESCHINGEN,DE,47.9431,8.5056,677.0
GME00121402,GME00121402,BAD DURKHEIM,DE,49.4728,8.1939,107.0
GME00121486,GME00121486,EBERBACH/NECKAR,DE,49.4558,8.9792,176.0
GME00121498,GME00121498,EBERSBACH/FILS,DE,48.7208,9.5339,300.0
GME00121510,GME00121510,EBERSBERG-HALBING,DE,48.1008,11.9883,592.0
GME00121534,GME00121534,EBRACH,DE,49.8531,10.5003,346.0
GME00121582,GME00121582,EICHSTATT-LANDERSHOFEN,DE,48.8789,11.2358,384.0
GME00121594,GME00121594,EIMELDINGEN,DE,47.6294,7.5967,264.0
GME00121654,GME00121654,ELLWANGEN-RINDELBACH,DE,48.9903,10.1317,460.0
GME00121714,GME00121714,ELZACH-FISNACHT,DE,48.2019,8.1094,440.0
GME00121750,GME00121750,EMMENDINGEN-MUNDINGEN,DE,48.1383,7.8356,201.0
GME00121786,GME00121786,ENGEN/HEGAU,DE,47.8525,8.7681,540.0
GME00121810,GME00121810,EPPINGEN,DE,49.1317,8.9175,210.0
GME00121822,GME00121822,EPPINGEN-ELSENZ,DE,49.1675,8.8531,220.0
GME00121834,GME00121834,ALTENSTADT,DE,47.8364,10.8719,756.0
GME00121858,GME00121858,ERING,DE,48.3017,13.1414,340.0
GME00121870,GME00121870,ERISKIRCH-MARIABRUNN,DE,47.6367,9.5403,408.0
GME00121882,GME00121882,MOHRENDORF-KLEINSEEBACH,DE,49.6506,11.0083,268.0
GME00121906,GME00121906,ESCHAU-HOBBACH,DE,49.86,9.2869,198.0
GME00121918,GME00121918,ESCHENBACH/OBERPFALZ,DE,49.7531,11.8233,470.0
GME00122038,GME00122038,KR.ROTTAL-INN FALKENBERG,DE,48.4842,12.7256,472.0
GME00122086,GME00122086,FICHTELBERG/OBERFRANKEN-HUTTST,DE,49.9817,11.8392,657.0
GME00122158,GME00122158,LANDSHUT-REITHOF,DE,48.5742,12.2589,490.0
GME00122290,GME00122290,FLOSSENBURG,DE,49.7328,12.3506,622.0
GME00122302,GME00122302,FRAMMERSBACH,DE,50.0628,9.4558,260.0
GME00122410,GME00122410,ALTOMUNSTER-MAISBRUNN,DE,48.4067,11.3131,510.0
GME00122434,GME00122434,FREIAMT-OTTOSCHWANDEN,DE,48.2028,7.9342,481.0
GME00122458,GME00122458,FREIBURG,DE,48.0242,7.8353,236.0
GME00122494,GME00122494,FREYSTADT-OBERNDORF,DE,49.1792,11.375,436.0
GME00122530,GME00122530,MALSBURG-MARZELL-FRIEDRICHSHEI,DE,47.7828,7.7356,852.0
GME00122566,GME00122566,ALZEY,DE,49.7281,8.1167,215.0
GME00122602,GME00122602,AMBERG-UNTERAMMERSRICHT,DE,49.47,11.8558,383.0
GME00122650,GME00122650,AMERANG-PFAFFING,DE,48.0206,12.2939,515.0
GME00122698,GME00122698,GEISENHEIM,DE,49.985,7.9544,110.0
GME00122710,GME00122710,GEISINGEN,DE,47.925,8.6481,672.0
GME00122734,GME00122734,GELBELSEE,DE,48.9489,11.43,536.0
GME00122770,GME00122770,OHLSBACH,DE,48.4339,7.9933,176.0
GME00122806,GME00122806,GERNSHEIM-ALLMENDFELD,DE,49.7725,8.5306,96.0
GME00122890,GME00122890,GOSSWEINSTEIN,DE,49.7667,11.3075,443.0
GME00122938,GME00122938,GRAFENBERG-KASBERG,DE,49.665,11.2253,506.0
GME00122962,GME00122962,GRAINET-REHBERG,DE,48.7903,13.6306,628.0
GME00123094,GME00123094,FELDKIRCHEN-WESTERHAM-LENZMUHL,DE,47.9417,11.9014,517.0
GME00123166,GME00123166,KR. OSTALB GSCHWEND,DE,48.9364,9.7375,492.0
GME00123190,GME00123190,ARNSTEIN-MUDESHEIM,DE,49.9706,9.9125,220.0
GME00123226,GME00123226,OLSDORF,DE,49.9325,6.3756,305.0
GME00123382,GME00123382,HARBURG,DE,48.7928,10.7075,502.0
GME00123394,GME00123394,ASCHAFFENBURG,DE,49.9789,9.1125,110.0
GME00123466,GME00123466,HECHINGEN,DE,48.3758,8.9808,522.0
GME00123538,GME00123538,HEIDENHEIM/BRENZ,DE,48.6731,10.1331,500.0
GME00123562,GME00123562,HEILBRONN,DE,49.1456,9.2342,167.0
GME00123646,GME00123646,HERRENBERG,DE,48.5928,8.8553,430.0
GME00123682,GME00123682,NIEDERWORRESBACH,DE,49.7681,7.3364,302.0
GME00123730,GME00123730,ATTENKAM,DE,47.8781,11.3656,672.0
GME00123850,GME00123850,HOLLENSTEIN (KRAFTWERK),DE,49.1289,12.8658,403.0
GME00123970,GME00123970,HOLZKIRCHEN,DE,47.8831,11.6975,685.0
GME00123982,GME00123982,AUGSBURG (SANKT STEPHAN),DE,48.3731,10.8958,490.0
GME00124030,GME00124030,HOMBURG/SAAR,DE,49.3292,7.3567,235.0
GME00124066,GME00124066,HORNISGRINDE,DE,48.6142,8.2042,119.0
GME00124126,GME00124126,IDAR-OBERSTEIN,DE,49.7,7.3331,376.0
GME00124138,GME00124138,IHRINGEN,DE,48.0428,7.6328,193.0
GME00124162,GME00124162,INGELFINGEN,DE,49.2978,9.6531,209.0
GME00124186,GME00124186,INGOLSTADT (FLUGPLATZ),DE,48.7156,11.5333,364.0
GME00124318,GME00124318,KAHL/MAIN,DE,50.0656,8.9942,107.0
GME00124330,GME00124330,KAISERSBACH-CRONHUTTE,DE,48.9181,9.6881,489.0
GME00124342,GME00124342,KAISHEIM-NEUHOF,DE,48.7708,10.7889,516.0
GME00124402,GME00124402,KARLSHULD,DE,48.6775,11.2975,374.0
GME00124426,GME00124426,KAUFBEUREN,DE,47.8658,10.6017,716.0
GME00124438,GME00124438,KAUFERING,DE,48.0925,10.8619,585.0
GME00124450,GME00124450,KEHL-ODELSHOFEN,DE,48.5583,7.8808,141.0
GME00124474,GME00124474,KIRCHBERG/JAGST-HERBOLDSHAUSEN,DE,49.1814,9.9808,426.0
GME00124498,GME00124498,BADEN-BADEN-GEROLDSAU,DE,48.7278,8.2467,240.0
GME00124522,GME00124522,MULLHEIM,DE,47.8069,7.6392,273.0
GME00124534,GME00124534,KITZINGEN,DE,49.7369,10.1792,188.0
GME00124714,GME00124714,KONIGSMOOS-UNTERMAXFELD,DE,48.6717,11.2183,378.0
GME00124726,GME00124726,KOSCHING,DE,48.8308,11.4883,417.0
GME00124774,GME00124774,BAD KOHLGRUB (ROSSHOF),DE,47.6658,11.0817,740.0
GME00124846,GME00124846,KUMMERSBRUCK,DE,49.4289,11.9019,417.0
GME00124930,GME00124930,MERKLINGEN,DE,48.5131,9.7656,685.0
GME00124954,GME00124954,LANDSBERG (FLUGPLATZ),DE,48.0767,10.9144,621.0
GME00124978,GME00124978,LANDSHUT,DE,48.5367,12.1144,393.0
GME00125098,GME00125098,LAUPHEIM,DE,48.2181,9.9094,539.0
GME00125122,GME00125122,LECHFELD,DE,48.1864,10.8506,550.0
GME00125182,GME00125182,LEIBLFING,DE,48.7664,12.5133,365.0
GME00125242,GME00125242,LENNINGEN-SCHOPFLOCH,DE,48.5406,9.5283,758.0
GME00125338,GME00125338,BAD LIEBENZELL,DE,48.7733,8.7294,352.0
GME00125398,GME00125398,LINDENFELS-WINTERKASTEN,DE,49.7128,8.7814,445.0
GME00125494,GME00125494,LOHR/MAIN-STEINBACH,DE,50.0114,9.6108,161.0
GME00125506,GME00125506,LORCH/RHEIN,DE,50.0364,7.8206,100.0
GME00125650,GME00125650,MAINHARDT-ZIEGELBRONN,DE,49.0653,9.5831,473.0
GME00125662,GME00125662,MAINZ-LERCHENBERG (ZDF),DE,49.9681,8.2117,195.0
GME00125674,GME00125674,MAISACH-GERNLINDEN,DE,48.2175,11.2978,509.0
GME00125686,GME00125686,MALLERSDORF/NIEDERBAYERN,DE,48.7781,12.2544,410.0
GME00125710,GME00125710,MANDERSCHEID-SONNENHOF,DE,50.1028,6.8019,413.0
GME00125806,GME00125806,HEINERSREUTH-VOLLHOF,DE,49.9678,11.5208,350.0
GME00125818,GME00125818,MAUTH-FINSTERAU,DE,48.9367,13.5781,4.0
GME00125914,GME00125914,MEMMINGEN,DE,47.9831,10.1392,615.0
GME00125926,GME00125926,MEMMINGEN (FLUGPLATZ),DE,47.9831,10.2331,630.0
GME00125974,GME00125974,BAD-NEUNKIRCHEN MERGENTHEIM,DE,49.4781,9.7631,250.0
GME00126010,GME00126010,METTEN,DE,48.8556,12.9203,313.0
GME00126022,GME00126022,METZINGEN,DE,48.5383,9.2742,355.0
GME00126046,GME00126046,MICHELSTADT,DE,49.67,9.0119,240.0
GME00126058,GME00126058,MICHELSTADT-VIELBRUNN,DE,49.7189,9.1006,453.0
GME00126082,GME00126082,MILTENBERG,DE,49.7131,9.2267,128.0
GME00126106,GME00126106,MITTENWALD-BUCKELWIESEN,DE,47.4783,11.2667,981.0
GME00126118,GME00126118,BEERFELDEN,DE,49.5628,8.9689,450.0
GME00126130,GME00126130,MODAUTAL-NEUNKIRCHEN,DE,49.7339,8.7781,508.0
GME00126154,GME00126154,ROLLBACH,DE,49.7656,9.2542,239.0
GME00126226,GME00126226,MUHLDORF,DE,48.28,12.5039,405.0
GME00126298,GME00126298,MUNCHEN-PERLACH,DE,48.0928,11.65,542.0
GME00126322,GME00126322,MUNSINGEN-APFELSTETTEN,DE,48.3864,9.4842,750.0
GME00126346,GME00126346,MURRHARDT,DE,48.9739,9.5717,344.0
GME00126382,GME00126382,NAGOLD,DE,48.5675,8.7192,380.0
GME00126418,GME00126418,NEUBURG/DONAU (FLUGPLATZ),DE,48.7092,11.21,380.0
GME00126430,GME00126430,NEUBURG/KAMMEL-LANGENHASLACH,DE,48.3125,10.3781,495.0
GME00126442,GME00126442,NEUDENAU,DE,49.2942,9.2731,212.0
GME00126514,GME00126514,NEUHAUSEN OB ECK-UNTERSCHWANDO,DE,47.9531,8.9942,663.0
GME00126586,GME00126586,NEUNKIRCHEN-WELLESWEILER,DE,49.3444,7.2303,236.0
GME00126610,GME00126610,NEUSTADT/AISCH,DE,49.5739,10.6014,315.0
GME00126622,GME00126622,NEUSTADT AM KULM-FILCHENDORF,DE,49.8183,11.8653,452.0
GME00126646,GME00126646,NEUSTADT/WEINSTRASSE (HEIDEHOF,DE,49.3489,8.1831,125.0
GME00126670,GME00126670,REGENSBURG-BURGWEINTING,DE,48.9842,12.1456,341.0
GME00126718,GME00126718,NIEDERSTETTEN,DE,49.3992,9.9653,473.0
GME00126730,GME00126730,NIEDERSTOTZINGEN,DE,48.5342,10.2442,451.0
GME00126754,GME00126754,REIMLINGEN,DE,48.8264,10.5078,435.0
GME00126814,GME00126814,BERG/OBERPFALZ,DE,49.3319,11.4317,421.0
GME00126838,GME00126838,NURNBERG-NETZSTALL,DE,49.4267,11.2553,368.0
GME00126862,GME00126862,NUFRINGEN,DE,48.6217,8.8969,457.0
GME00126874,GME00126874,KIEFERSFELDEN-GACH,DE,47.6192,12.1681,518.0
GME00126898,GME00126898,OBERNDORF/NECKAR-AISTAIG,DE,48.3156,8.5742,480.0
GME00126910,GME00126910,OBERSCHLEISSHEIM,DE,48.2444,11.5539,484.0
GME00126922,GME00126922,OBERSULM-WILLSBACH,DE,49.1289,9.3533,230.0
GME00126946,GME00126946,OBERVIECHTACH,DE,49.4531,12.4381,596.0
GME00126970,GME00126970,OCHSENHAUSEN-MITTELBUCH,DE,48.0456,9.8831,626.0
GME00127006,GME00127006,OFFENBACH/M. (STADT),DE,50.0956,8.7556,110.0
GME00127018,GME00127018,OFFENBURG,DE,48.4603,7.9264,153.0
GME00127030,GME00127030,BAD BERGZABERN,DE,49.1081,7.9969,252.0
GME00127138,GME00127138,OY-MITTELBERG-PETERSTHAL,DE,47.6367,10.3903,872.0
GME00127174,GME00127174,PARSBERG/OBERPFALZ-EGLWANG,DE,49.1517,11.6908,549.0
GME00127186,GME00127186,PASSAU-MAIERHOF,DE,48.5817,13.4167,327.0
GME00127198,GME00127198,PASSAU-OBERHAUS,DE,48.5789,13.4708,409.0
GME00127234,GME00127234,PERL-BESCH,DE,49.5125,6.3864,175.0
GME00127246,GME00127246,PERL-NENNIG,DE,49.5367,6.3808,152.0
GME00127294,GME00127294,PFORZHEIM-EUTINGEN,DE,48.9067,8.7419,246.0
GME00127306,GME00127306,PFORZHEIM-ISPRINGEN,DE,48.9328,8.6967,333.0
GME00127318,GME00127318,PFULLENDORF,DE,47.9353,9.2878,630.0
GME00127342,GME00127342,PIRMASENS,DE,49.1919,7.5881,390.0
GME00127390,GME00127390,POMMELSBRUNN-MITTELBURG,DE,49.4789,11.5367,522.0
GME00127546,GME00127546,RADOLFZELL-MARKELFINGEN,DE,47.7467,9.0017,407.0
GME00127570,GME00127570,RAISTING,DE,47.91,11.1058,553.0
GME00127582,GME00127582,RASTATT,DE,48.8478,8.1869,114.0
GME00127606,GME00127606,RAUSCHBERG BEI RUHPOLDING,DE,47.7333,12.6842,640.0
GME00127618,GME00127618,KR. RAVENSBURG WEINGARTEN,DE,47.8069,9.6217,440.0
GME00127654,GME00127654,BAD REICHENHALL,DE,47.7244,12.8756,470.0
GME00127726,GME00127726,RENNINGEN-IHINGER HOF,DE,48.7433,8.925,478.0
GME00127738,GME00127738,REUTLINGEN-BETZINGEN,DE,48.5058,9.1842,360.0
GME00127750,GME00127750,RHEINAU-MEMPRECHTSHOFEN,DE,48.6708,7.9956,131.0
GME00127786,GME00127786,RHEINFELDEN,DE,47.5633,7.7942,287.0
GME00127810,GME00127810,KREIS BIBERACH ALTHEIM,DE,48.1489,9.4606,533.0
GME00127894,GME00127894,ROSENHEIM,DE,47.8758,12.1292,444.0
GME00127918,GME00127918,ROTH BEI NURNBERG,DE,49.2519,11.0944,340.0
GME00127942,GME00127942,ROTH,DE,49.2158,11.1025,385.0
GME00127954,GME00127954,ROTHENBURG OB DER TAUBER,DE,49.3856,10.1742,415.0
GME00127978,GME00127978,ROTTENBURG-KIEBINGEN,DE,48.4714,8.9694,360.0
GME00128002,GME00128002,ROTTWEIL,DE,48.1819,8.6358,588.0
GME00128014,GME00128014,BAD KREUZNACH,DE,49.8517,7.8725,102.0
GME00128038,GME00128038,RUPPERTSECKEN,DE,49.6478,7.8842,461.0
GME00128098,GME00128098,SAARBRUCKEN-SANKT JOHANN,DE,49.2242,7.0175,193.0
GME00128110,GME00128110,SACHSENHEIM,DE,48.9578,9.0719,248.0
GME00128134,GME00128134,SALDENBURG-ENTSCHENREUTH,DE,48.7842,13.3158,456.0
GME00128242,GME00128242,SANKT WENDEL-URWEILER,DE,49.5033,7.2028,400.0
GME00128266,GME00128266,SCHAAFHEIM-SCHLIERBACH,DE,49.9203,8.9681,155.0
GME00128278,GME00128278,SCHALLSTADT-MENGEN,DE,47.9608,7.7125,215.0
GME00128302,GME00128302,SCHEMMERHOFEN-INGERKINGEN,DE,48.2003,9.7708,519.0
GME00128326,GME00128326,SCHESSLITZ,DE,49.9758,11.0406,317.0
GME00128470,GME00128470,SCHMELZ-HUTTERSDORF,DE,49.4231,6.8403,223.0
GME00128518,GME00128518,BERNKASTEL-KUES,DE,49.9183,7.0681,120.0
GME00128542,GME00128542,SCHOPFHEIM-EICHEN,DE,47.6469,7.8442,400.0
GME00128554,GME00128554,SCHORNDORF-KNOBLING,DE,49.1656,12.6192,399.0
GME00128602,GME00128602,SCHWABISCH GMUND-STRASSDORF,DE,48.7778,9.8033,415.0
GME00128614,GME00128614,SCHWABISCH HALL-BIBERSFELD,DE,49.0828,9.6881,349.0
GME00128650,GME00128650,SCHWANDORF,DE,49.3289,12.0883,356.0
GME00128710,GME00128710,SCHWEINFURT-GARTENSTADT,DE,50.0583,10.2169,240.0
GME00128806,GME00128806,SIGMARINGEN (FLUGPLATZ),DE,48.1,9.25,645.0
GME00128818,GME00128818,SIGMARINGEN-LAIZ,DE,48.0728,9.1953,580.0
GME00128830,GME00128830,SIGMARSZELL-ZEISERTSWEILER,DE,47.5783,9.7417,507.0
GME00128854,GME00128854,SIMBACH/INN,DE,48.2728,13.0289,360.0
GME00128866,GME00128866,SIMMERN-WAHLBACH,DE,50.0017,7.5969,437.0
GME00128878,GME00128878,SINSHEIM,DE,49.2456,8.8794,169.0
GME00128938,GME00128938,WARTHAUSEN-BIRKENHARD,DE,48.1258,9.765,599.0
GME00129094,GME00129094,STOCKACH,DE,47.86,9.0164,532.0
GME00129118,GME00129118,STUTTGART (NECKARTAL),DE,48.7906,9.2178,224.0
GME00129178,GME00129178,TAUBERBISCHOFSHEIM-DITTIGHEIM,DE,49.6131,9.6756,179.0
GME00129250,GME00129250,THOLEY,DE,49.4744,7.0392,386.0
GME00129262,GME00129262,BISCHBRUNN,DE,49.8756,9.4892,412.0
GME00129274,GME00129274,THUNGERSHEIM,DE,49.8819,9.8464,185.0
GME00129298,GME00129298,TIRSCHENREUTH-LODERMUHL,DE,49.8589,12.3556,500.0
GME00129310,GME00129310,TITISEE-NEUSTADT-LANGENORDNACH,DE,47.9403,8.1942,870.0
GME00129382,GME00129382,TRAUNSTEIN-AXDORF,DE,47.8525,12.6194,635.0
GME00129430,GME00129430,TRIER-ZEWEN,DE,49.7325,6.6131,132.0
GME00129454,GME00129454,TROCHTELFINGEN-WILSINGEN,DE,48.2819,9.3144,769.0
GME00129478,GME00129478,TROSTBERG,DE,48.0317,12.5408,559.0
GME00129502,GME00129502,TUTTLINGEN,DE,48.0092,8.8189,649.0
GME00129514,GME00129514,TUTTLINGEN-MOHRINGEN,DE,47.9558,8.7575,675.0
GME00129538,GME00129538,UBERLINGEN/BODENSEE,DE,47.7719,9.1569,446.0
GME00129574,GME00129574,GOLLHOFEN,DE,49.5753,10.1928,308.0
GME00129586,GME00129586,ULM,DE,48.3844,9.9539,567.0
GME00129622,GME00129622,UTTENREUTH,DE,49.5942,11.0717,291.0
GME00129634,GME00129634,VILLINGEN-SCHWENNINGEN,DE,48.0458,8.4617,720.0
GME00129670,GME00129670,VOGTSBURG-OBERROTWEIL,DE,48.0917,7.6358,223.0
GME00129718,GME00129718,WAGHAUSEL-KIRRLACH,DE,49.2456,8.5381,105.0
GME00129826,GME00129826,WALDHAUSER (NATIONAL PARK),DE,48.9303,13.4656,940.0
GME00129838,GME00129838,WALDSASSEN,DE,50.0106,12.2992,509.0
GME00129910,GME00129910,BLANKENRATH,DE,50.0367,7.3056,417.0
GME00129958,GME00129958,KR.ANSBACH WEIDENBACH,DE,49.1975,10.65,425.0
GME00129970,GME00129970,WEIGENHEIM-REUSCH,DE,49.5908,10.26,309.0
GME00130054,GME00130054,WEISKIRCHEN/SAAR,DE,49.555,6.8125,380.0
GME00130078,GME00130078,WEISSACH,DE,48.8467,8.9089,455.0
GME00130126,GME00130126,WEISWEIL-WALDECKHOF,DE,48.1892,7.6983,173.0
GME00130198,GME00130198,WERTHEIM-EICHEL,DE,49.7678,9.5439,140.0
GME00130234,GME00130234,WIELENBACH (DEMOLLSTR.),DE,47.8833,11.1589,550.0
GME00130306,GME00130306,BAD-CALMBACH WILDBAD,DE,48.7856,8.5769,385.0
GME00130330,GME00130330,NEUBULACH-OBERHAUGSTETT,DE,48.6525,8.6808,570.0
GME00130378,GME00130378,REMS-MURR-KREIS WINTERBACH,DE,48.8042,9.4706,240.0
GME00130462,GME00130462,WORNITZ-BOTTENWEILER,DE,49.2189,10.2306,464.0
GME00130486,GME00130486,WOLFACH,DE,48.2958,8.24,291.0
GME00130522,GME00130522,WOLFSTEIN/PFALZ,DE,49.5819,7.6242,200.0
GME00130534,GME00130534,WORMS,DE,49.6056,8.3667,88.0
GME00130618,GME00130618,WUTOSCHINGEN-OFTERINGEN,DE,47.6789,8.3806,398.0
GME00130678,GME00130678,BOBLINGEN,DE,48.6767,8.9742,445.0
GME00130738,GME00130738,ZWIESEL,DE,49.0292,13.2403,615.0
GME00130750,GME00130750,ZWIESELBERG,DE,49.0017,13.2153,615.0
GME00130846,GME00130846,MAINBURG,DE,48.6503,11.7783,431.0
GME00130918,GME00130918,REIT IM WINKL,DE,47.6758,12.4708,685.0
GME00131002,GME00131002,BOOS,DE,48.0744,10.2014,592.0
GME00131134,GME00131134,WEIDENBACH-WEIHERSCHNEIDBACH,DE,49.2256,10.6094,455.0
GME00131194,GME00131194,MALLERSDORF-PFAFFENBERG,DE,48.7767,12.1756,404.0
GME00131290,GME00131290,SAARBRUCKEN-BURBACH,DE,49.2417,6.935,190.0
GME00131302,GME00131302,DOLLNSTEIN-BREITENFURT,DE,48.8778,11.1056,394.0
GME00131314,GME00131314,FRIEDRICHSHAFEN-UNTERRADERACH,DE,47.6853,9.4417,459.0
GME00131326,GME00131326,GROSSERLACH-MANNENWEILER,DE,49.0217,9.6042,523.0
GME00131338,GME00131338,INGELFINGEN-STACHENHAUSEN,DE,49.3333,9.705,385.0
GME00131350,GME00131350,SCHWABISCH GMUND-WEILER,DE,48.7706,9.875,413.0
GME00131362,GME00131362,SINGEN,DE,47.7744,8.8228,445.0
GME00131434,GME00131434,NOTZINGEN,DE,48.6717,9.4633,325.0
GME00131446,GME00131446,PILSACH-LITZLOHE,DE,49.3542,11.5067,550.0
GME00131482,GME00131482,MARKT ERLBACH-MOSBACH,DE,49.5325,10.6431,362.0
GME00131506,GME00131506,LOHR/MAIN-HALSBACH,DE,50.0142,9.655,285.0
GME00131546,GME00131546,MAISACH-GALGEN,DE,48.2081,11.2044,530.0
GME00131554,GME00131554,SCHONUNGEN-MAINBERG,DE,50.0589,10.2983,304.0
GME00131626,GME00131626,HAGENBUCHACH,DE,49.5364,10.7717,384.0
GME00131686,GME00131686,BREITSOL,DE,49.9028,9.4292,585.0
GME00131770,GME00131770,ESCHBACH,DE,47.8867,7.6617,234.0
GME00131782,GME00131782,ELSENDORF-HORNECK,DE,48.7031,11.8506,425.0
GME00131818,GME00131818,SIEGSDORF-HOLL,DE,47.8356,12.6564,721.0
GME00131842,GME00131842,BRETTEN,DE,49.0264,8.7164,185.0
GME00131866,GME00131866,FREUDENBERG/MAIN-BOXTAL,DE,49.7644,9.4064,193.0
GME00131878,GME00131878,ALBSTADT-BADKAP,DE,48.2164,8.9792,759.0
GME00131890,GME00131890,BROMBACHTAL-KIRCH-BROMBACH,DE,49.7356,8.9567,290.0
GME00131926,GME00131926,ALBSTADT-ONSTMETTINGEN,DE,48.2775,9.0008,794.0
GME00131938,GME00131938,DONAUWORTH-OSTERWEILER,DE,48.7358,10.7428,434.0
GME00131986,GME00131986,HERMARINGEN-ALLEWIND,DE,48.6106,10.2692,468.0
GME00132010,GME00132010,PRACKENBACH-NEUHAUSEL,DE,49.1094,12.8244,588.0
GME00132070,GME00132070,FEUCHTWANGEN-HEILBRONN,DE,49.1631,10.3669,475.0
GME00132082,GME00132082,BRUCKEN,DE,49.6314,7.1156,390.0
GME00132094,GME00132094,WALDMUNCHEN,DE,49.3919,12.6853,499.0
GME00132166,GME00132166,WUNSIEDEL-SCHONBRUNN,DE,50.0317,11.9742,622.0
GME00132178,GME00132178,GOTTFRIEDING,DE,48.6606,12.5403,350.0
GME00132202,GME00132202,ALDERSBACH-KRIESTORF,DE,48.6167,13.0519,340.0
GME00132214,GME00132214,LEUTKIRCH-HERLAZHOFEN,DE,47.7964,10.0333,672.0
GME00132238,GME00132238,NEUHUTTEN/SPESSART,DE,50.0092,9.425,340.0
GME00132274,GME00132274,PIDING,DE,47.7731,12.9089,458.0
GME00132310,GME00132310,OBERHACHING-LAUFZORN,DE,48.0139,11.5539,604.0
GME00132334,GME00132334,KR. NECKAR-ODENWALD BUCHEN,DE,49.5192,9.3225,340.0
GME00132346,GME00132346,BUCHENBACH,DE,47.9631,7.9989,445.0
GME00132418,GME00132418,BUHLERTAL-OBERTAL,DE,48.6753,8.1806,478.0
GME00132454,GME00132454,SCHLUSSELFELD (KLARANLAGE),DE,49.7458,10.6444,290.0
GME00132526,GME00132526,PEMFLING-PITZLING,DE,49.2514,12.6056,389.0
GME00132550,GME00132550,CHIEMING,DE,47.8853,12.5417,551.0
GME00132610,GME00132610,CRAILSHEIM-ALEXANDERSREUT,DE,49.0992,10.0992,423.0
GME00132646,GME00132646,DARMSTADT,DE,49.8817,8.6775,162.0
GME00132658,GME00132658,DARMSTADT (A),DE,49.8464,8.625,122.0
GME00132694,GME00132694,DEGGENHAUSERTAL-AZENWEILER,DE,47.8017,9.4117,708.0
GME00132730,GME00132730,DEUSELBACH,DE,49.7631,7.0556,481.0
GME00132778,GME00132778,DIETENHOFEN,DE,49.4169,10.6742,405.0
GME00132802,GME00132802,DILLINGEN/DONAU,DE,48.5708,10.4994,420.0
GME00132814,GME00132814,DILLINGEN/DONAU-FRISTINGEN,DE,48.5569,10.5608,419.0
GMM00010615,GMM00010615,DEUSELBACH,DE,49.767,7.05,479.0
GMM00010648,GMM00010648,MICHELSTADT/VIELBRU,DE,49.717,9.1,405.0
GMM00010704,GMM00010704,BERUS,DE,49.2653,6.6878,363.0
GMM00010706,GMM00010706,THOLEY,DE,49.483,7.05,398.0
GMM00010724,GMM00010724,WEINBIET,DE,49.3767,8.1225,553.0
GMM00010729,GMM00010729,MANNHEIM CITY,DE,49.473,8.514,94.2
GMM00010733,GMM00010733,WAIBSTADT,DE,49.2953,8.9064,237.0
GMM00010736,GMM00010736,MUHLACKER,DE,48.9731,8.8742,244.0
GMM00010761,GMM00010761,WEISSENBURG,DE,49.0203,10.9617,422.0
GMM00010765,GMM00010765,ROTH,DE,49.218,11.1,386.5
GMM00010777,GMM00010777,GELBELSEE,DE,48.95,11.433,539.0
GMM00010796,GMM00010796,ZWIESEL (AUT),DE,49.033,13.233,581.0
GMM00010803,GMM00010803,FREIBURG (CIV/FAFB),DE,48.0,7.85,269.0
GMM00010818,GMM00010818,KLIPPENECK,DE,48.1064,8.7556,973.0
GMM00010827,GMM00010827,MESSSTETTEN,DE,48.1844,8.9925,920.0
GMM00010838,GMM00010838,ULM (MIL/MET),DE,48.383,9.95,522.0
GMM00010850,GMM00010850,HARBURG (AUT),DE,48.783,10.7,457.0
GMM00010863,GMM00010863,WEIHENSTEPHAN-DURNAST,DE,48.4031,11.6956,477.0
GMM00010870,GMM00010870,SCHWAIGERMOOS,DE,48.3667,11.8,444.0
GMM00010875,GMM00010875,MUHLDORF,DE,48.283,12.5,401.0
GMM00010963,GMM00010963,GARMISCH-PARTENKIRCHEN,DE,47.4839,11.0633,719.0
GMM00010982,GMM00010982,CHIEMING (AUT),DE,47.883,12.533,549.0
GMW00034055,GMW00034055,HUNSRUCK,DE,49.95,7.2667,502.0
GMW00034068,GMW00034068,COLEMAN,DE,49.5667,8.4667,96.0
GMW00034178,GMW00034178,FURSTENFELDBRUCK,DE,48.2,11.2667,530.0
GMW00035032,GMW00035032,RHEIN MAIN,DE,50.0333,8.5833,112.2
SZ000001940,SZ000001940,BASEL BINNINGEN,CH,47.5331,7.5831,316.0
SZ000002220,SZ000002220,SAENTIS,CH,47.25,9.35,502.0
SZ000003700,SZ000003700,ZUERICH/FLUNTERN,CH,47.3831,8.5667,555.0
SZ000006717,SZ000006717,COL DU GRAND ST-BERNARD,CH,45.8667,7.1667,472.0
SZ000008440,SZ000008440,GENEVE COINTRIN,CH,46.25,6.1331,420.0
SZ000009480,SZ000009480,LUGANO,CH,46.0,8.9667,273.0
SZE00105086,SZE00105086,SION 2,CH,46.2167,7.3331,482.0
SZE00116090,SZE00116090,PAYERNE,CH,46.8167,6.95,490.0
SZM00006796,SZM00006796,STA MARIA VAL MUESTAIR,CH,46.6,10.433,390.0
